{"cameraMode":{"drawMode":0,"name":"Shaded","section":"Shading Mode"},"sceneLighting":true,"audioPlay":false,"sceneViewState":{"showFog":true,"showMaterialUpdate":false,"showSkybox":true,"showFlares":true,"showImageEffects":true,"showParticleSystems":true},"in2DMode":false,"pivot":{"x":937.0814208984375,"y":473.090576171875,"z":55.465423583984378},"rotation":{"x":-0.13191334903240205,"y":-0.01278983149677515,"z":0.0017021921230480075,"w":-0.9911773204803467},"size":408.2982482910156,"orthographic":false}