{"cameraMode":{"drawMode":0,"name":"Shaded","section":"Shading Mode"},"sceneLighting":true,"audioPlay":false,"sceneViewState":{"showFog":true,"showMaterialUpdate":false,"showSkybox":true,"showFlares":true,"showImageEffects":true,"showParticleSystems":true},"in2DMode":false,"pivot":{"x":988.9386596679688,"y":469.261962890625,"z":52.31524658203125},"rotation":{"x":-0.07073824852705002,"y":-0.01885451003909111,"z":0.0013373326510190964,"w":-0.9973158240318298},"size":646.6847534179688,"orthographic":false}