{"cameraMode":{"drawMode":0,"name":"Shaded","section":"Shading Mode"},"sceneLighting":true,"audioPlay":false,"sceneViewState":{"showFog":true,"showMaterialUpdate":false,"showSkybox":true,"showFlares":true,"showImageEffects":true,"showParticleSystems":true},"in2DMode":false,"pivot":{"x":418.2174987792969,"y":385.4626770019531,"z":17.016937255859376},"rotation":{"x":-0.17778369784355164,"y":0.028629029169678689,"z":-0.005174446385353804,"w":-0.9836394786834717},"size":539.2423095703125,"orthographic":false}