{"cameraMode":{"drawMode":0,"name":"Shaded","section":"Shading Mode"},"sceneLighting":false,"audioPlay":false,"sceneViewState":{"showFog":true,"showMaterialUpdate":false,"showSkybox":false,"showFlares":true,"showImageEffects":true,"showParticleSystems":true},"in2DMode":false,"pivot":{"x":-4.005520343780518,"y":-1.0509333610534669,"z":1.7521591186523438},"rotation":{"x":-0.11739376932382584,"y":0.795944094657898,"z":-0.16367554664611817,"w":-0.5708783268928528},"size":10.507729530334473,"orthographic":false}