{"cameraMode":{"drawMode":0,"name":"Shaded","section":"Shading Mode"},"sceneLighting":false,"audioPlay":false,"sceneViewState":{"showFog":true,"showMaterialUpdate":false,"showSkybox":false,"showFlares":true,"showImageEffects":true,"showParticleSystems":true},"in2DMode":false,"pivot":{"x":718.7632446289063,"y":411.3110046386719,"z":-4.804131507873535},"rotation":{"x":-0.12000537663698197,"y":-0.01578761264681816,"z":0.0019083163933828474,"w":-0.9926459193229675},"size":22.0,"orthographic":false}