{"cameraMode":{"drawMode":0,"name":"Shaded","section":"Shading Mode"},"sceneLighting":true,"audioPlay":false,"sceneViewState":{"showFog":true,"showMaterialUpdate":false,"showSkybox":true,"showFlares":true,"showImageEffects":true,"showParticleSystems":true},"in2DMode":false,"pivot":{"x":-23.68273162841797,"y":101.97969055175781,"z":-71.30963897705078},"rotation":{"x":-0.2872077226638794,"y":0.0005715712322853506,"z":-0.0001717099512461573,"w":-0.9578681588172913},"size":22.300691604614259,"orthographic":false}