{"cameraMode":{"drawMode":0,"name":"Shaded","section":"Shading Mode"},"sceneLighting":false,"audioPlay":false,"sceneViewState":{"showFog":true,"showMaterialUpdate":false,"showSkybox":false,"showFlares":true,"showImageEffects":true,"showParticleSystems":true},"in2DMode":false,"pivot":{"x":-0.7000001072883606,"y":0.8269670009613037,"z":3.649937391281128},"rotation":{"x":-0.4052544832229614,"y":0.014257512986660004,"z":-0.006321500055491924,"w":-0.9140709042549133},"size":10.666278839111329,"orthographic":false}