{"cameraMode":{"drawMode":0,"name":"Shaded","section":"Shading Mode"},"sceneLighting":true,"audioPlay":false,"sceneViewState":{"showFog":true,"showMaterialUpdate":false,"showSkybox":true,"showFlares":true,"showImageEffects":true,"showParticleSystems":true},"in2DMode":false,"pivot":{"x":-24.50715446472168,"y":-41.33708190917969,"z":121.03954315185547},"rotation":{"x":0.2568974196910858,"y":0.00030044751474633813,"z":-0.0000797480606706813,"w":0.9664386510848999},"size":222.16732788085938,"orthographic":false}