{"cameraMode":{"drawMode":0,"name":"Shaded","section":"Shading Mode"},"sceneLighting":false,"audioPlay":false,"sceneViewState":{"showFog":true,"showMaterialUpdate":false,"showSkybox":false,"showFlares":true,"showImageEffects":true,"showParticleSystems":true},"in2DMode":false,"pivot":{"x":0.0,"y":0.36937856674194338,"z":-0.028551816940307618},"rotation":{"x":-0.030247101560235025,"y":0.7034907341003418,"z":-0.029993388801813127,"w":-0.7094267010688782},"size":4.509320259094238,"orthographic":false}