{"cameraMode":{"drawMode":0,"name":"Shaded","section":"Shading Mode"},"sceneLighting":false,"audioPlay":false,"sceneViewState":{"showFog":true,"showMaterialUpdate":false,"showSkybox":true,"showFlares":true,"showImageEffects":true,"showParticleSystems":true},"in2DMode":false,"pivot":{"x":0.0,"y":1.3499740362167359,"z":-0.025937199592590333},"rotation":{"x":-0.0006800293922424316,"y":-0.9986393451690674,"z":0.013482482172548771,"w":-0.050372183322906497},"size":5.218137741088867,"orthographic":true}