{"cameraMode":{"drawMode":0,"name":"Shaded","section":"Shading Mode"},"sceneLighting":false,"audioPlay":false,"sceneViewState":{"showFog":true,"showMaterialUpdate":false,"showSkybox":true,"showFlares":true,"showImageEffects":true,"showParticleSystems":true},"in2DMode":false,"pivot":{"x":0.00044918060302734375,"y":1.0843781232833863,"z":0.616652250289917},"rotation":{"x":0.2835457921028137,"y":-0.4852527976036072,"z":0.16991978883743287,"w":0.809480607509613},"size":6.692691326141357,"orthographic":false}