{"cameraMode":{"drawMode":0,"name":"Shaded","section":"Shading Mode"},"sceneLighting":false,"audioPlay":false,"sceneViewState":{"showFog":true,"showMaterialUpdate":false,"showSkybox":true,"showFlares":true,"showImageEffects":true,"showParticleSystems":true},"in2DMode":false,"pivot":{"x":-5.349999904632568,"y":1.3711209297180176,"z":-5.912115097045898},"rotation":{"x":-0.0006800293922424316,"y":-0.9986393451690674,"z":0.013482482172548771,"w":-0.050372183322906497},"size":5.420925617218018,"orthographic":true}